"street1","street2","decision"
"SCIENCE","SPICE","0"
"DRY DOCK","DRYDOCK","1"
"NEW WHITNEY","NEW HILL","0"
"SPEARE","PEARL","0"
"FINANCIAL CN","NANCIA","0"
"FLAGSHIP","FLAVIA","0"
"WILLIAM T MORRISSEY","WM T MORRISSEY","1"
"TOMAHAWK","MOHAWK","0"
"ROWES WH","ROWES WHARF","1"
"SUDBURY","DUXBURY","0"
"O'LEARY","ORLEANS","0"
"MOON ISLAND","LONG ISLAND","0"
"CUMMINGTON MA","CUMMINGTON","1"
"SAINT MARY'S","SAINT MARYS","1"
"LOUDER'S","LOUDERS","1"
"BATTERY WH","BATTERY","1"
"FATHER FRANCIS J GILDAY","FR FRANCIS GILDAY","1"
"BLACK FALCON","BLACKFAN","0"
"WALFORD","ALFORD","0"
"GEROGETOWNE","GEORGETOWNE","1"
"THE FENWAY","HEMENWAY","0"
"SAINT STEPHENS","SAINT STEPHEN","1"
"FATHER JACOBEE","ATHERSTONE","0"
"CROWN POINT","CITY POINT","0"
"FOREST HILL","FOREST HILLS","1"
"TUFTS","TAFT","0"
"HYDE","LYNDE","0"
"DEGAUTIER","DECATUR","0"
"BOWDIN","BOWDOIN","1"
"DUNSTABLE","LONSDALE","0"
"TIBBETSTOWN","TILESTON","0"
"PERTH","NORTH","0"
"WILBERT","WILBUR","0"
"HOFFMAN","HOLMAN","0"
"HAZELTON","HAZLETON","1"
"PILSUDSKI","PULASKI","0"
"EAST MCDONOUGH","MCDONOUGH","1"
"DALESSIO","PALERMO","0"
"VILLAGE","WALLACE","0"
"MARGARETTA","MARGARET","0"
"BRADLEY","BRADLEE","1"
"WALKHILL","WALK HILL","1"
"FOLSON","FOLSOM","1"
"DECONSHIRE","DEVONSHIRE","1"
"GEORGETOWN","GEORGETOWNE","1"
"ACADEMY","ACADIA","0"
"SLAYTON","CLAYTON","0"
"WEAVER","SEAVER","0"
"BIERNE","DERNE","0"
"HOMMAGEN","HEMMAN","0"
"STARR KING","STRONG","0"
"STERLING","SNELLING","0"
"FORREST HILLS","FOREST HILLS","1"
"CATBIRD","THIRD","0"
"VICTORIA  HEIGHTS","VICTORIA HEIGHTS","1"
"MASACHUSETTS","MASSACHUSETTS","1"
"BISMARK","BISMARCK","1"
"B BRUNSWICK","BRUNSWICK","1"
"CARMODY","HARMONY","0"
"AMES","JAMES","0"
"WESTVIEW","CRESTVIEW","0"
"1/2 G","G","1"
"CALLAGHAN","ALLEGHANY","0"
"WOODBOLE","WOODBINE","0"
"DARIUS","PARIS","0"
"MSGR. LYDON","GRAYSON","0"
"WILDEMAR","WALDEMAR","1"
"MSGR. REYNOLDS","MSGR REYNOLDS","1"
"CEDER","CEDAR","1"
"ELBERT","ALBERT","0"
"BRONSDON","BROWNSON","0"
"WOODRUFF","WOODCLIFF","0"
"SAMUEL MORSE","PAUL GORE","0"
"BRIEN","BRIER","0"
"MM BEATTY","LIBERTY","0"
"LOUDER&#039;S","LOUDERS","1"
"JOE L SMITH","GOLDSMITH","0"
"STOMEHOLM","STONEHOLM","1"
"WORCHESTER","DORCHESTER","0"
"INTERRVALE","INTERVALE","1"
"CARNEY","VARNEY","0"
"REILLY","LILLY","0"
"TROTTER","GRETTER","0"
"LATTIMORE","SAGAMORE","0"
"BAKERFIELD","BAKERSFIELD","1"
"ALPHONSUS","ALPHEUS","0"
"TURQUOISE","IROQUOIS","0"
"LANDING","MANNING","0"
"WEST RUGGLES","WEST EAGLE","0"
"BENT","BRENT","0"
"SOUTH POINT","SOUTH QUINCY","0"
"MOUNT VERNAN","MOUNT VERNON","1"
"GOLDEN","HOLDEN","0"
"WESTMINISTER","WESTMINSTER","1"
"MCNULTY","MANLEY","0"
"EAST BROOOKLINE","EAST BROOKLINE","1"
"VALLAR","VALLARO","0"
"WEST MAIN","WEST HAVEN","0"
"EAST ANNUNCIATION","ANNUNCIATION","1"
"CLIPPERSHIP","COPPERSMITH","0"
"SOJOURNER TRUTH","SIGOURNEY","0"
"FANUEIL","FANEUIL","1"
"HARBOUR POINT","HARBOR VIEW","0"
"GOVE ST, AKA 48 FRANKFORT SAINT AKA 141 ORLEANS ST","FRANKLIN GARDEN","0"
"WILMOVE","WILMORE","1"
"ARULA","ARCOLA","0"
"HORADAN","HORAN","0"
"CROWLEY ROGERS","CHARLES RIVER","0"
"BAKERS","BAKER","1"
"SAINT RICHARD","SAINT EDWARD","0"
"MEARA","PEARL","0"
"DELESSIO","DEVENS","0"
"WACHUSETTS","WACHUSETT","1"
"LITHGROW","LITHGOW","1"
"JOYCE HAYES","JOYCE KILMER","0"
"BEACH POINT","BEECHMONT","0"
"HARRISON ARCHWAY","HARRISON AV XT","0"
"CABOT","WABON","0"
"WOODGATE","WOODDALE","0"
"GAVIN","SAVIN","0"
"CALLENDAR","CALLENDER","1"
"HUMBOLT","HUMBOLDT","1"
"BOWDION","BOWDOIN","1"
"DUBOIS","CURTIS","0"
"CLAYBORNE","CLAYBOURNE","1"
"MONSIGNOR LYDON","MONTGOMERY","0"
"HIGHCREST","HILLCREST","0"
"MONROE","MUNROE","1"
"BLUE LEDGE","BROOKLEDGE","0"
"BISHOP JOE L. SMITH","BISHOP JOE L SMITH","1"
"PARSLEY","PAISLEY","1"
"ELWIN","EDWIN","0"
"1/2 CENTRE","CENTRE","1"
"OLD IRONSIDES","GLENSIDE","0"
"FIDELIS/ 932 JETTE","FIDELIS WA","1"
"GOVERNORS","GROVENOR","1"
"MCCLELLAN","MCLELLAN","1"
"HARBOR POINT","HARBOR VIEW","0"
"SOUTH BREMEN","SOUTH CRESCENT","0"
"HARBORVIEW","HARBOR VIEW","1"
"COMMONWEATLH","COMMONWEALTH","1"
"M.M.BEATTY","PEMBERTON","0"
"BRANNON  HARRIS","SAINT CHARLES","0"
"1/2 NORFOLK","NORFOLK","1"
"STANDWOOD","STANWOOD","1"
"PARKVIEW","PARK VIEW","1"
"A LOTHROP","LOTHROP","1"
"KEMPTON","KENTON","0"
"Y ANNUNCIATION","ANNUNCIATION","1"
"OLD FIELDS","OLDFIELDS","1"
"MT.PLEASANT","PLEASANT","0"
"QUNICY","QUINCY","1"
"MAAGNOLIA","MAGNOLIA","1"
"FENNO","FENENO","1"
"HEFFERAN","JEFFERSON","0"
"B STRATTON","STRATTON","1"
"F CUMMINS","CUMMINS","1"
"KENNILWORTH","KENILWORTH","1"
"HOLWORHTY","HOLWORTHY","1"
"LOUIS D. BROWN","LOUIS D BROWN","1"
"B ANNUNCIATION","ANNUNCIATION","1"
"GENERAL DEVINE","GEN WM H DEVINE","1"
"OLD LANDING","LOWLAND","0"
"THE RIVERWAY","RIVERWAY","1"
"JANAICAWAY","JAMAICAWAY","1"
"MAROTTA","MARTHA","0"
"AGAUDILLA","AGUADILLA","1"
"NIGHTENGALE","NIGHTINGALE","1"
"ROSSITER","ROSSETER","1"
"RUTHLAND","RUTLAND","1"
"EDGELEY","EDGERLY","1"
"ROSE","ROSS","0"
"WEST SELDON","WEST SELDEN","1"
"FENWWOD","FENWOOD","1"
"- SEVENTH FOREST HILLS","FOREST HILLS","1"
"EAST BROADWAY 1&AMP;2R","EAST BROADWAY","1"
"HAVARD","HARVARD","1"
"QUEENSBURY","QUEENSBERRY","1"
"NORTH POINT","NORTH QUINCY","0"
"GLENBOURNE","GLENBURNE","1"
"BETHUNE","NEPTUNE","0"
"WAREICK","WARWICK","1"
"BOARD","BARD","0"
"BOTOLPH","BOLTON","0"
"WOODRAW","WOODROW","1"
"OMEARA","OLEARY","0"
"RIDG","RIDGE","1"
"CALENDER","CALLENDER","1"
"A MELVILLE","MELVILLE","1"
"JOE L. SMOTIH","GOLDSMITH","0"
"WEST BARK","WEST PARK","1"
"ELLET","EMMET","0"
"WEATLEY","WHEATLEY","1"
"PLANT","PLANET","0"
"BRANNON HARRIS","SAINT MARTIN","0"
"DITMUS","PRIMUS","0"
"NORTHAMPTION","NORTHAMPTON","1"
"R WASHINGTON","WASHINGTON","1"
"A WESTVIEW","CRESTVIEW","0"
"RIGEVIEW","RIDGEVIEW","1"
"EASTBROOK","ESTABROOK","1"
"ARIVER","RIVER","1"
"A COLUMBUS","COLUMBUS","1"
"F AMES","JAMES","0"
"FENWICK","BERWICK","0"
"HUNGTINGTON","HUNTINGTON","1"
"CHARLESGATE WEST","CHARLESGATE","1"
"NEWBERRY","NEWBURY","1"
"BORDER E","BORDER","1"
"SPRINGFIELD","PINEFIELD","0"
"ESPINWALL","ASPINWALL","1"
"CONNELL","OCONNELL","1"
"CAMRIDGE","CAMBRIDGE","1"
"EAST SPRINGFILED","EAST SPRINGFIELD","1"
"ISLAND VIEW","SEA VIEW","0"
"VESTER","LESTER","0"
"P ANNUNCIATION","ANNUNCIATION","1"
"D WESTVIEW","CRESTVIEW","0"
"B AMES","JAMES","0"
"I AMES","JAMES","0"
"ORTON","MORTON","0"
"MARY MOORE BEATTY","DR MARY M BEATTY","1"
"LINSKEY BARRY","ROSEBERRY","0"
"HARRISON ARCHWAYS","HARRISON AV XT","0"
"PAUL","PAULA","0"
"V ANNUNCIATION","ANNUNCIATION","1"
"J ANNUNCIATION","ANNUNCIATION","1"
"MSGR PATRICK LYDON","MSGR PATRICK J LYDON","1"
"FAYTON","FAYSTON","1"
"WESTMINTER","WESTMINSTER","1"
"CROWNE POINT","CITY POINT","0"
"HORADON","HORAN","0"
"MCGREEVY","MCGREEVEY","1"
"A PARKER","PARKER","1"
"1/2 CRAWFORD","CRAWFORD","1"
"HUNTINGON","HUNTINGTON","1"
"UPHAMS","UPHAM","1"
"FANNDALE","FAWNDALE","1"
"STANFORD","STANIFORD","1"
"L ANNUNCIATION","ANNUNCIATION","1"
"REVERE BEACH","REVERE","1"
"REESDALE","REEDSDALE","1"
"BAKER&#039;S","BAKERS AL","1"
"OYSTER BAY","SOUTH BAY","0"
"SAINT MARY&#039;S","SAINT MARYS","1"
"CHESNUT HILL","CHESTNUT HILL","1"
"MSGR LYDON","GRAYSON","0"
"STRATHCON","STRATHCONA","1"
"D ANNUNCIATION","ANNUNCIATION","1"
"G ANNUNCIATION","ANNUNCIATION","1"
"Q ANNUNCIATION","ANNUNCIATION","1"
"HUMBDOLT","HUMBOLDT","1"
"JOE L. SMITH","GOLDSMITH","0"
"LAURENCE","LAWRENCE","1"
"H ANNUNCIATION","ANNUNCIATION","1"
"K ANNUNCIATION","ANNUNCIATION","1"
"Y RUGGLES","RUGGLES","1"
"KITTEREDGE","KITTREDGE","1"
"HUMPHRYS","HUMPHREYS","1"
"WASHINTON","WASHINGTON","1"
"M.M. BEATTY","PEMBERTON","0"
"CHRISPUS ATTUCKS","CRISPUS ATTUCKS","1"
"WLLINGTON HILL","WELLINGTON HILL","1"
"BRANDYWYNE","BALDWIN","0"
"WESTWIND","WESTLAND","0"
"N.BEACON","BEACON","1"
"B DUDLEY","DUDLEY","1"
"ZIEGLER","ZEIGLER","1"
"MSGR PJ LYDON","MSGR PATRICK J LYDON","1"
"MARLBORO","MARLBOROUGH","1"
"GEORGETWONE","GEORGETOWNE","1"
"F RUGGLES","RUGGLES","1"
"C SOUTH","SOUTH","1"
"KENDELL","WENDELL","0"
"DROCHESTER","DORCHESTER","1"
"OCEAN VIEW","SEA VIEW","0"
"WEST BROADWAY THIRD SOUTH","WEST BROADWAY","1"
"MISSION OARJ","MISSION","1"
"FORSET HILLS","FOREST HILLS","1"
"SHAWMUTT","SHAWMUT","1"
"WHITNEY","WHITBY","0"
"HAMMOMD","HAMMOND","1"
"MONSIGNOR PATRICK J. LYDON","MSGR PATRICK J LYDON","1"
"FAIRMONT","FAIRMOUNT","1"
"OLDSFIELDS","OLDFIELDS","1"
"BROKOLEDGE","BROOKLEDGE","1"
"GANNET","GANNETT","1"
"BODOIN","BOWDOIN","1"
"ORTON MOROTTA","ORTON MAROTTA","1"
"A SUMNER","SUMNER","1"
"SAINT ALBANA","SAINT ALBANS","1"
"DORCEHSTER","DORCHESTER","1"
"HARRE","HAVRE","0"
"HAMLITON","HAMILTON","1"
"WORDWSWORTH","WORDSWORTH","1"
"NORHTHAMPTON","NORTHAMPTON","1"
"A SAINT ALPHONSUS","SAINT ALPHONSUS","1"
"JOYCE TURNPIKE 6079 SOUTH","CHARLES STREET SOUTH","0"
"ADAMES","ADAMS","1"
"WASHINGTYON","WASHINGTON","1"
"METCLAF","METCALF","1"
"FANUIEL","DANIEL","0"
"CORNELIA","CORNELL","0"
"D AMES","DAWES","0"
"A AMES","ADAMS","0"
"MCGREEVEY TURNPIKE","MCGREEVEY","1"
"TALBOLT","TALBOT","1"
"D STRATTON","STRATTON","1"
"LYNDURST","LYNDHURST","1"
"BENTLY","BENTLEY","1"
"LONDALE","LONSDALE","1"
"NORTHHAMPTON","NORTHAMPTON","1"
"HAMOND","HAMMOND","1"
"PINCKENEY","PINCKNEY","1"
"WESATLAND","WESTLAND","1"
"WOODSWORTH","WORDSWORTH","1"
"THE FENWAY B","HEMENWAY","0"
"EVERET","EVERETT","1"
"ALANTIC","ATLANTIC","1"
"CHANNEL CENTRE","CHANNEL CENTER","1"
"SOUYH HUNTINGTON","SOUTH HUNTINGTON","1"
"FENEUIL","FANEUIL","1"
"SAINT ALPONSUS","SAINT ALPHONSUS","1"
"COSTELLO","MONTELLO","0"
"GALVIN","CALVIN","0"
"TURQOUISE","GROUSE","0"
"ZIGLER","ZEIGLER","1"
"A STADIUM","STADIUM","1"
"STRATON","STRATTON","1"
"ROSSETTA","ROSSETER","0"
"EAST EIGHT","EAST EIGHTH","1"
"MARAGRETTA","MARGARET","0"
"HEREFORE","HEREFORD","1"
"B CHELSEA","CHELSEA","1"
"FR. JACOBEE","JACOB","0"
"A MSGR. REYNOLDS","MSGR REYNOLDS","1"
"BURKBANK","BURBANK","1"
"CHANNELL CENTER","CHANNEL CENTER","1"
"BEACHLAND","BEECHLAND","1"
"B MORTON","MORTON","1"
"KENNSINGTON","KENSINGTON","1"
"SAINT RICHARDS","SAINT CHARLES","0"
"1/2 EUSTIS","EUSTIS","1"
"BOURNSIDE","BOURNESIDE","1"
"MORTON STREET/ NINTH WEST SELDON","CHARLES STREET SOUTH","0"
"ROUNDHILL","ROUND HILL","1"
"GREENBRIAR","GREENBRIER","1"
"ABBOTS FORD","ABBOTSFORD","1"
"GOERGETOWNE","GEORGETOWNE","1"
"CARROLLTON","CARROLTON","1"
"CYPRIANS","CYPRESS","0"
"MSGR. P. J. LYDON","MSGR PATRICK J LYDON","1"
"A POND","POND","1"
"CARMONDY","HARMONY","0"
"CARLISE","CARLISLE","1"
"&#039;WORCESTER","WORCESTER","1"
"GOVENORS","GROVENOR","1"
"MOUNT PLEASEANT","MOUNT PLEASANT","1"
"WALCOTT","WOLCOTT","1"
"SAINT BOLTOPH","SAINT BOTOLPH","1"
"EAST LONOX","EAST LENOX","1"
"MONSIGNOR LYNDON","MONTMORENCI","0"
"EAST FARVE","EAST EAGLE","0"
"ESTIS","EUSTIS","1"
"COMMONWELTH","COMMONWEALTH","1"
"CALYBOURNE","CLAYBOURNE","1"
"1/2 VICTORY","VICTORY","1"
"GRINES","GRIMES","1"
"AQUADILLA","AGUADILLA","1"
"CIRCUT","CIRCUIT","1"
"WARDRUM","WARREN","0"
"WESTMISNTER","WESTMINSTER","1"
"GEOGRETOWNE","GEORGETOWNE","1"
"C ANNUNCIATION","ANNUNCIATION","1"
"BEECHALND","BEECHLAND","1"
"CROWLEY","ROWLEY","0"
"BLACKVILLE","SACKVILLE","0"
"JOHN ELLIOT","JOHN ELIOT","1"
"WAMBUCK","WAUMBECK","1"
"MASSACHSUETTS","MASSACHUSETTS","1"
"F ANNUNCIATION","ANNUNCIATION","1"
"MAGNNOLIA","MAGNOLIA","1"
"SOUTH ANUNCIATION","SOUTH HUNTINGTON","0"
"KITTRIDGE","KITTREDGE","1"
"MONSIGNOR PATRICK J LYNDON","MSGR PATRICK J LYDON","1"
"ESTERBROOK","ESTABROOK","1"
"A STRATTON","STRATTON","1"
"H AMES","JAMES","0"
"ROCKALND","ROCKLAND","1"
"FENO","GENE","0"
"HUNBOLDT","HUMBOLDT","1"
"WELLS","WELLES","1"
"DONNELL","ODONNELL","1"
"MSGN LYNDON","GLENDON","0"
"TAKOMA","TACOMA","1"
"BRICKFORD","BICKFORD","1"
"C AMES","JAMES","0"
"WAMBECK","WAUMBECK","1"
"IROQUUOIS","IROQUOIS","1"
"SAINT CASIMIR","SAINT MARTIN","0"
"PASEO SAN JUAN","SAN JUAN","1"
"MSGR LYNDON","GLENDON","0"
"GARDENER","GARDNER","1"
"PICKNEY","PINCKNEY","1"
"MSGR. PJ LYNDON","GLENDON","0"
"MSGR PATRICK LYNDON","MSGR PATRICK J LYDON","1"
"GOWRGETOWNE","GEORGETOWNE","1"
"GARNDER","GARDNER","1"
"WNTER","WATER","0"
"WOODALE","GOODALE","0"
"SECOND FLOOR","CONDOR","0"
"#8","A","0"
"#2","A","0"
"#1","A","0"
"APT. I","ANTRIM","0"
"APT. B","ANTRIM","0"
"APT. C","ANTRIM","0"
"#3","A","0"
"#306","SWAN","0"
"#201","SWAN","0"
"#105","SWAN","0"
"#B1","B","0"
"#401","SWAN","0"
"#32","NAY","0"
"#D","D","0"
"#A","A","0"
"#C","C","0"
"#E","E","0"
"BASEMENT","BREMEN","0"
"APT.","ALNA","0"
"UNIT","UNITY","0"
"APT. #4","ANTRIM","0"
"APT. #5","ANTRIM","0"
"APT.#8","ANTRIM","0"
"APT. #B1","ANTRIM","0"
"APT. #19","ANTRIM","0"
"#6-1","SWAN","0"
"#2-3","SWAN","0"
"#5-3","SWAN","0"
"#203","SWAN","0"
"#211","SWAN","0"
"#9","A","0"
"#19","NAY","0"
"A/K/A ANTH","PLEASANT","0"
"APT. SEVENTH WEST","EAST SEVENTH","1"
"APT FIRST WEST","EAST FIRST","0"
"APT 10 WEST","ALTACREST","0"
"#1 CENTER","CENTER","1"
"#7","A","0"
"#24","NAY","0"
"#21","NAY","0"
"#10","NAY","0"
"#27","NAY","0"
"APT. #773","ANTRIM","0"
"APT. #2574","EAST EAGLE","0"
"APT. #128","ANTRIM","0"
"APT. #793","ANTRIM","0"
"#1003","EAGLE","0"
"APT. #619","ANTRIM","0"
"#231","SWAN","0"
"#374","SWAN","0"
"#868","SWAN","0"
"#152","SWAN","0"
"#55","NAY","0"
"#259","SWAN","0"
"#1072","EAGLE","0"
"#2070","EAGLE","0"
"#6078","EAGLE","0"
"#15","NAY","0"
"#2 (FRONT)","FROST","0"
"#202","SWAN","0"
"#302","SWAN","0"
"#210","SWAN","0"
"#310","SWAN","0"
"#409","SWAN","0"
"UNIT #3","UNITY","0"
"#2R","AYR","0"
"#2A","A","0"
"#53","NAY","0"
"APT. #2","ANTRIM","0"
"ROOM #5","GROOM","0"
"APT. #3","ANTRIM","0"
"#D6","D","0"
"#17","NAY","0"
"#3R","AYR","0"
"#3K","OAK","0"
"#1A","A","0"
"#2K","OAK","0"
"#3B","B","0"
"#6M","ELM","0"
"#3A","A","0"
"#304","SWAN","0"
"#504","SWAN","0"
"#F","F","0"
"#13","NAY","0"
"UNIT #2","UNITY","0"
"APT. FIRST WEST","EAST FIRST","0"
"APT. THIRD WEST","EAST THIRD","0"
"APT. SECOND WEST","EAST SECOND","0"
"#22","NAY","0"
"UNIT SECOND","WEST SECOND","0"
"FIRST FLOOR","FIRST","0"
"UNIT E","UNITY","0"
"#155","SWAN","0"
"#101","SWAN","0"
"#245","SWAN","0"
"#28","NAY","0"
"APT. #11","ANTRIM","0"
"FATHER JACOBEE","FATHER SONGIN","0"
"HYDE","LYNE","0"
"DEGAUTIER","DEGAUTHIER","1"
"TIBBETSTOWN","TIBBETTS TOWN","1"
"BIERNE","OBIERNE","1"
"MALCOLM X","MALCOLM","1"
"1/2 G","LONG","0"
"CALLAGHAN","CALLAHAN","1"
"MSGR. REYNOLDS","MONSIGNOR REYNOLDS","1"
"BRIEN","OBRIEN","0"
"MM BEATTY","MALBERT","0"
"REILLY","OREILLY","0"
"CLIPPERSHIP","CLIPPER SHIP","1"
"MORTON VILLAGE","MORTON VILLIAGE","1"
"HARBOUR POINT","HARBOR POINT","1"
"GOVE ST, AKA 48 FRANKFORT SAINT AKA 141 ORLEANS ST","VETERANS OF FOREIGN WARS","0"
"ARULA","TRULL","0"
"POND VIEW","PONDVIEW","1"
"MEARA","OMEARA","1"
"DELESSIO","DALESSIO","1"
"MONSIGNOR LYDON","MONSIGNOR REYNOLDS","0"
"CENTER","CENTRE","1"
"ELWIN","ELWYN","1"
"1/2 CENTRE","OLD CENTRE","0"
"M.M.BEATTY","MALBERT","0"
"BRANNON  HARRIS","BRANNON HARRIS","1"
"LOUIS D. BROWN","LOUIS PRANG","0"
"GENERAL DEVINE","MADELINE","0"
"BOTOLPH","BOSTONIA","0"
"A WESTVIEW","WESTVIEW","1"
"EASTBROOK","WESTBROOK","0"
"CHARLESGATE WEST","CHARLESGATE W","1"
"VESTER","HESTER","0"
"D WESTVIEW","WESTVIEW","1"
"LINSKEY BARRY","LINSKY BARRY","1"
"HARRISON ARCHWAYS","HARRISON ARCHWAY","1"
"CROWNE POINT","CROWN POINT","1"
"HORADON","HORADAN","1"
"BAKER&#039;S","BAKERS ALY","1"
"M.M. BEATTY","MALBERT","0"
"SENATOR BOLLING","SENTRY HILL","0"
"MARLBORO","MALBERT","0"
"MISSION OARJ","MISSION PARK","0"
"WHITNEY","WHITE","0"
"ABBOTT","ABBOT","1"
"JOYCE TURNPIKE 6079 SOUTH","SOJOURNER TRUTH","0"
"FANUIEL","FANEUIL","1"
"D AMES","JAMES","0"
"TURQOUISE","TURQUOISE","1"
"MARAGRETTA","MARGARETTA","1"
"A MSGR. REYNOLDS","MONSIGNOR REYNOLDS","1"
"SAINT RICHARDS","SAINT RICHARD","1"
"MORTON STREET/ NINTH WEST SELDON","REV ROBERT M COSTELLO","0"
"CARMONDY","CARMODY","1"
"WALCOTT","ALCOTT","1"
"MONSIGNOR LYNDON","MONSIGNOR REYNOLDS","0"
"H AMES","HOLMES","0"
"FENO","FENNO","1"
"MADISON PARK","UNION PARK","0"
"PARKER HILL 170-43","PARKER HILL","1"
"COMMONWEALTH UNIT 12","COMMONWEALTH","1"
"HOWARD; HOWARD","SAINT EDWARD","0"
"MAGNOLLIA","MAGNOLIA","1"
"GREEHEYS","GREENHEYS","1"
"WALNUT PARK NINTH","SAINT MARTIN","0"
"SEVENTH","SEVER","0"
"FENWAY 52","FENWAY","1"
"O&#039;BRIEN","ORIENT","1"
"STAR KING","STRONG","0"
"CARONA","CORONA","1"
"LANMEK","LANARK","0"
"LIGHTOW","LITHGOW","1"
"PIER FOUR","PIERPONT","0"
"MIDDLESEX","MIDDLE","0"
"OLD RUTHERFORD","RUTHERFORD","0"
"ANNUMCIATION","ANNUNCIATION","1"
"SCHULER","SCHUYLER","1"
"TELFORD","DELFORD","0"
"EAST BERKELY","EAST BERKELEY","1"
"TIBBETTSTOWN","TILESTON","0"
"MARY BOYLE","MARYKNOLL","0"
"MORRTON VILLAGE","MORTON VILLAGE","1"
"V.F.W.","VFW","1"
"WINDOR","WINDSOR","1"
"O&#039;REILLY","WM C KELLY","0"
"O&#039;BIERNE","ORIENT","0"
"WASHONGTON","WASHINGTON","1"
"REVEREND BURKE","REVERE","0"
"B GREW","GREW","1"
"LEWIS MALL","LEWIS WH","0"
"WAUMBACK","WAUMBECK","1"
"SHANON","SHANDON","0"
"FIDELIS WAY","FIDELIS WA","1"
"O&#039;CALLAGHAN","ALLEGHANY","0"
"GLENVILLE AVE","GLENVILLE","1"
"GEORGETOWNE DRIVE","GEORGETOWNE","1"
"A MELROSE","MELROSE","1"
"DRUMMONS","DRUMMOND","1"
"CROWN POIN","BROWNSON","0"
"PAYCON","PAYSON","1"
"MOPONSET","MONPONSET","1"
"CALLANDER","CALLENDER","1"
"GENERAL JOZEF PILSUDSKI","GEN JOZEF PILSUDSKI","1"
"SANDPIPER","FAN PIER","0"
"SCHULYER","SCHUYLER","1"
"CRISPUS ATTACKS","CRISPUS ATTUCKS","1"
"EDGMERE","EDGEMERE","1"
"RABGLEY","RANGELEY","1"
"FAYSON","PAYSON","0"
"MISSION PARK","UNION PARK","0"
"LARMATINE","LAMARTINE","1"
"TIBBITSTOWN","TILESTON","0"
"DUSTABLE","CASTLE","0"
"PENINSULA","PERKINS","0"
"B WEST SPRINGFIELD","WEST SPRINGFIELD","1"
"OSPREY","ASHLEY","0"
"HASEY","HALEY","0"
"EERIE","ERIE","1"
"MICHELANGO","MICHELANGELO","1"
"PATTESON","PATTERSON","1"
"JAMES O&#039;NEILL","JAMES ONEILL","1"
"XINEO","KINEO","1"
"HAMBOLDT","HUMBOLDT","1"
"HARBOR CREST","ARBORCREST","0"
"MAGNOLIA STREET","SALEM STREET","0"
"BISHOP  JOE L. SMITH","BISHOP JOE L SMITH","1"
"BISHOP JOE L.SMITH","BISHOP JOE L SMITH","1"
"PETERBOROUG","PETERBOROUGH","1"
"ADARONDACK","ADIRONDACK","1"
"O&#039;MEARA","OAKMERE","0"
"BLUEHILL","BLUE HILL","1"
"RADCLIFF","RADCLIFFE","1"
"/2 EAST FIFTH","EAST FIFTH","1"
"STAFFORD STREET FIRST &AMP; BSMT","SHORT STREET","0"
"NOFOLK","NORFOLK","1"
"TAFTS","TAFT","1"
"ROCKINGHAM GLEN 4202 WEST","ROCKINGHAM","1"
"LANDON","LONDON","0"
"ARMADINE","ARMANDINE","1"
"J NORFOLK","NORFOLK","1"
"L NORFOLK","NORFOLK","1"
"WEST MINSTER","WESTMINSTER","1"
"LAMATRINE","LAMARTINE","1"
"GREEM","GREEN","1"
"HARISHOFF","HARRISHOF","1"
"MSR. REYNOLDS","MSGR REYNOLDS","1"
"C VILLAGE","SAVILLE","0"
"MOUNT BOWDOIN GREEN","MOUNT BOWDOIN","1"
"ODGEN","OGDEN","1"
"HUMPHREY","HUMPHREYS","1"
"BOYSTON","BOYLSTON","1"
"TURQOISE","CURTIS","0"
"IROQUIS","IROQUOIS","1"
"GREENHAYES","GREENHEYS","1"
"A BAKER","BAKER","1"
"SAINT STEPEHNS","SAINT STEPHEN","1"
"JOSEPH AGRI","JOSEPHINE","0"
"MERIDAN","MERIDIAN","1"
"CRWON POINT","CITY POINT","0"
"LOTNE","LORNE","1"
"BROOKLDEGE","BROOKLEDGE","1"
"FARRADY","FARRAR","0"
"HOLBURN","HOLBORN","1"
"WILLOWOOD","WILLOWWOOD","1"
"MELBOURNE STREET","FOURTH STREET","0"
"LARMARTINE","LAMARTINE","1"
"ALSAKA","ALASKA","1"
"HARVE","HAVRE","1"
"GENERAL JOEF PILSUDSKI","GEN JOZEF PILSUDSKI","1"
"CLEAVEMONT","CLEVEMONT","1"
"MERSCER","MERCER","1"
"HEMINGWAY","HEMENWAY","0"
"PARSON","PAYSON","0"
"PEACVALE","PEACEVALE","1"
"A CIRCUIT","CIRCUIT","1"
"ST.BOTOLPH","SAINT BOTOLPH","1"
"ELLILNGTON","ELLINGTON","1"
"PUTMAN","PUTNAM","1"
"BOOKSIDE","BROOKSIDE","1"
"MSGR PATRICK J. LYNDON","MSGR PATRICK J LYDON","1"
"PARTNERSHIP","PATTERSON","0"
"GATEWAY","CAUSEWAY","0"
"CARNET","GARNET","1"
"B. WEST BROADWAY","WEST BROADWAY","1"
"B BERNARD","BERNARD","1"
"SONONMA","SONOMA","1"
"SAINT CASMIR","SAINT MARTIN","0"
"MT.IDA","MAIDA","0"
"EDISON","EDSON","1"
"EAST SEVETH","EAST SEVENTH","1"
"ROCKINGHAM GLEN 4512 WEST","ROCKINGHAM","1"
"SOUTH CHALAME","SOUTH CHARLAME","1"
"PETERBOOUGH","PETERBOROUGH","1"
"CASLEGATE","CASTLEGATE","1"
"PASADENA RD. A/K/A 228 NORMANDY ST","SAINT EDWARD","0"
"LAMPSON","LAMSON","1"
"DYER STREET","RIVER STREET","0"
"BISHOP JOE L. SMITH WAY","BISHOP JOE L SMITH","1"
"BUSNESS","BUSINESS","1"
"WALTNUT","WALNUT","1"
"KESINGTON","KENSINGTON","1"
"CHALLENDER","CALLENDER","1"
"HOMSTEAD","HOMESTEAD","1"
"BROOKLDGE","BROOKLEDGE","1"
"BROOKLLEDGE","BROOKLEDGE","1"
"DRMMOND","DRUMMOND","1"
"OLD INONSIDES","GLENSIDE","0"
"IRWIN STREET","CORDIS STREET","0"
"NEWBURY STREET","PEARL STREET","0"
"BEVER","SEVER","0"
"TOPLOFF","TOPLIFF","1"
"SHADON","SHANDON","0"
"DEWIT","DEWITT","1"
"BOWER STREET BOSTON MA","CHARLES STREET SOUTH","0"
"CENTRE STREET G1 BOSTON MA","CENTRE STREET","1"
"ROSECLAIRE","ROSECLAIR","1"
"O&#039;CALLAGHAM","CHATHAM","0"
"VF","F","0"
"SELTON","SEXTON","0"
"MSGE. LYDON","SHELDON","0"
"CHARLEME","CHARLAME","1"
"FANUEUIL","FANEUIL","1"
"WILDWOOD STREET","COOK STREET","0"
"WASHUSETT","WACHUSETT","1"
"FAQUHAR","FARQUHAR","1"
"EATON","ELTON","0"
"A ADAMS","ADAMS","1"
"REAR RIVER","SEA VIEW","0"
"WITCHITA","WICHITA","1"
"DUDLEYQ","DUDLEY","1"
"A LINDEN","LINDEN","1"
"ALBERMARIE","ALBEMARLE","1"
"OWENS","OWEN","1"
"FREEMONT","FREMONT","1"
"A AGUADILLA","AGUADILLA","1"
"O&#039;CALLAHAN","GALLIVAN","0"
"WAGON","WABON","0"
"A BOWDOIN","BOWDOIN","1"
"QINCY","QUINCY","1"
"BARLETT","BARTLETT","1"
"TOPLIFT","TOPLIFF","1"
"NIGHTINGLE","NIGHTINGALE","1"
"DONUBE","DANUBE","1"
"DAMUBE","DANUBE","1"
"PIER","PINE","0"
"HUBBARDSTONE","HUBBARDSTON","1"
"TERRANCE","TERRACE","1"
"HOMWS","HOMES","1"
"HUTCHING","HUTCHINGS","1"
"LYONS","LYON","1"
"SHUBERT","SCHUBERT","1"
"ARMONDINE","ARMANDINE","1"
"NAUSSAU","NASSAU","1"
"MASSACHUSSETTS","MASSACHUSETTS","1"
"SPEEDWALL","SPEEDWELL","1"
"IRONSIDES","BROOKSIDE","0"
"MADISON PARK COURT","GARDEN COURT","0"
"BULE HILL","BLUE HILL","1"
"/2 DOVE","DOVE","1"
"ROBINSON STREET FIRST LF &AMP; 1MD","NEPONSET FIELD","0"
"CRRESTON","CRESTON","1"
"B HAYNES","HAYNES","1"
"B ADAMS","ADAMS","1"
"HIGH CREST","HILLCREST","0"
"WOOLFSON","WOOLSON","1"
"BROOK MARSHALLS","BROOK MARSHALL","1"
"INTEERVALE","INTERVALE","1"
"ROCKINGHAM GLEN 4107 WEST","ROCKINGHAM","1"
"WEST DEHAM","WEST DEDHAM","1"
"ASTICON","ASTICOU","1"
"B GREENWOOD","GREENWOOD","1"
"SCOTFIELD","SCOTTFIELD","1"
"HOODHAVEN","WOODHAVEN","1"
"BELFLOWER","BELLFLOWER","1"
"XENSINGTON","KENSINGTON","1"
"CEDAR STREET (REAR","MEAD STREET","0"
"- B WORCESTER","WORCESTER","1"
"A TRULL","TRULL","1"
"PIER FOUR, BLVD","HEREFORD","0"
"CLAVES","CLEAVES","1"
"- 11 BRINSLEY","BRINSLEY","1"
"BELLVISTA ROAD","BELLVISTA","1"
"GANEVA","GENEVA","1"
"CRESTAN","CRESTON","1"
"FIDELIS WAY, C-50 AKA 803 JETTE","FIDELIS WA","1"
"FESENDEN","FESSENDEN","1"
"MOUNT PLEASAT","MOUNT PLEASANT","1"
"WALLFORD","ALFORD","0"
"SEDGEWICK","SEDGWICK","1"
"GLADESLIDE","GLADESIDE","1"
"JUSTINIAN","JUSTIN","0"
"WIBLERT","WILLET","0"
"COLUMNUS","COLUMBUS","1"
"FARGUAR","FARRAR","0"
"TALNOT","TALBOT","1"
"BURNSWICK","BRUNSWICK","1"
"ROSSETTER","ROSSETER","1"
"KINSTON","KINGSTON","1"
"DELLA","DELLE","1"
"LOUIS D. BROWNWAY","LOUIS D BROWN","1"
"NO. BEACON","NORTH BEACON","1"
"ADMAS","ADAMS","1"
"DUNABE","DANUBE","1"
"WOODLOBE","WOODSIDE","0"
"HAMDEN","HAMPDEN","1"
"HOPSWELL","HOPEWELL","1"
"AMORTY","AMORY","1"
"HIGGHLAND","HIGHLAND","1"
"B REGIS","REGIS","1"
"SHERIDIAN","SHERIDAN","1"
"B SAN JUAN","SAN JUAN","1"
"WEBBER","WEBSTER","0"
"FOTTER","FOSTER","1"
"COMMONWEALTH AVENUE","COMMONWEALTH","1"
"B WASHINGTON","WASHINGTON","1"
"HOMETEAD","HOMESTEAD","1"
"HASTING","HASTINGS","1"
"ANGEL","ANSEL","0"
"BLUE HIL","BLUE HILL","1"
"COMMONWEALTTH","COMMONWEALTH","1"
"OLDS FIELDS","OLDFIELDS","1"
"HORDON","GORDON","1"
"KEARSAGE","KEARSARGE","1"
"FIDELIS WAY AKA 932  JETTE","FIDELIS WA","1"
"HARRISHOFF STREET SECOND 2&AMP;3RD","CHARLES STREET SOUTH","0"
"MCLELLLAN","MCLELLAN","1"
"ELMBHURST","ELMHURST","1"
"BOYSLTON","BOYLSTON","1"
"BILL HILL","BLUE HILL","0"
"MERCEDES VIEW","CRESTVIEW","0"
"NORTH BEACONS","NORTH BEACON","1"
"NORTH FANEUIL","NORTH MARGIN","0"
"WALTHAN","WALTHAM","1"
"EAST BERKLEY","EAST BERKELEY","1"
"F HARRISON","HARRISON","1"
"PARRIS","PARIS","1"
"DUNLOP","DUNLAP","1"
"REGIA","REGINA","1"
"VILMORE","WILMORE","1"
"WEAEVR","SEAVER","0"
"A ALBION","ALBION","1"
"BULLATD","BULLARD","1"
"WILLOWWOOOD","WILLOWWOOD","1"
"STRATTTON","STRATTON","1"
"PARK HILL","PARKER HILL","0"
"OSMOND","ESMOND","1"
"DIXELL","DIXWELL","1"
"WASSHINGTON","WASHINGTON","1"
"HUMPHRIES","HUMPHREYS","1"
"B SOUTHERN","SOUTHERN","1"
"HYDWE PARK","HYDE PARK","1"
"COLUMBIOA","COLUMBIA","1"
"ROCKINGHAM GLEN - 4510 WEST","ROCKINGHAM","1"
"HALLEM","HALLAM","1"
"EAST BROAWAY","EAST BROADWAY","1"
"THORTON","THORNTON","1"
"CHARLESGATE WEST 612PL","CHARLES STREET SOUTH","0"
"GAGE","PAGE","0"
"CLEMINTINE","CLEMENTINE","1"
"FIDELIS WAY C-127 AKA 920 JETTE","FIDELIS WA","1"
"HIGHVIEW","HIGH VIEW","1"
"BRYANDYWNE","ARMANDINE","0"
"WEBSTRET","WEBSTER","1"
"EASTABROOK","ESTABROOK","1"
"WOODRUFFF","WOODCLIFF","0"
"WALSH","WALL","0"
"MASSACHUSETTE","MASSACHUSETTS","1"
"SEAVER STREET","SALEM STREET","0"
"LYDON","LYON","0"
"SAQNDPIPER","FAN PIER","0"
"HARTWELL SUITE","HARTWELL","1"
"EAST LENNOX","EAST LENOX","1"
"BRICKNELL","BICKNELL","1"
"ROCKINGHAM GLEN 4411 WEST","ROCKINGHAM","1"
"MASSACHUSTTES","MASSACHUSETTS","1"
"CANTERBURRY","CANTERBURY","1"
"GLEN HILL","GLENHILL","1"
"FULLER STREET","HULL STREET","0"
"BETHOVEN","BEETHOVEN","1"
"ALVIN","ALVAN","0"
"SHAMUT","SHAWMUT","1"
"EAST BROADWAY SIDEWALK","EAST BROADWAY","1"
"ONLEY","OLNEY","1"
"WEST BROADWAY PENTHOUSE","WEST BROADWAY","1"
"SAINT WILLIAMS","SAINT WILLIAM","1"
"CLAYMONT TERRACE, #2, AKA 16-20 CLAYMONT","MSGR PATRICK J LYDON","0"
"JULIEN","JULIAN","1"
"BINSLEY","BRINSLEY","1"
"WALK HILL STREET, #2, FIRST DOOR ON LEFT","WHITE STREET","0"
"BERAN","BERAM","1"
"TOURQUOISE","TORPIE","0"
"FIDELIS WAY C-53 AKA 806 JETTE","FIDELIS WA","1"
"RICHFEILD","RICHFIELD","1"
"PETERBOROGGH","PETERBOROUGH","1"
"PATERBOROUGH","PETERBOROUGH","1"
"HEMEWAY","HEMENWAY","1"
"FASSENDEN","FESSENDEN","1"
"HIHGLAND","HIGHLAND","1"
"WHIFIELD","WHITFIELD","1"
"C MCGREEVEY","MCGREEVEY","1"
"LITHWON","LITHGOW","0"
"WASHINNGTON","WASHINGTON","1"
"BRADLER","BRADLEE","1"
"MONADOCK","MONADNOCK","1"
"BRADLEE STREET, APT","SALEM STREET","0"
"INVERVALE","INTERVALE","1"
"CLAREDON","CLARENDON","1"
"MARGARETA","MARGARET","0"
"LINSKY BARRY","LIBERTY","0"
"M.L.K","MILK","0"
"PETRBOROUGH","PETERBOROUGH","1"
"GLALLIVAN","GALLIVAN","1"
"WHEATLY","WHEATLEY","1"
"NEOPONSET","NEPONSET","1"
"GAYHEAD","GAY HEAD","1"
"LEO M. BIRMINGHAM","LEO M BIRMINGHAM","1"
"M M BEATTY","WM C KELLY","0"
"LINDLEY","LINLEY","1"
"FLORENCE STREET COMDOMINIUM","CHARLES STREET SOUTH","0"
"ADADEMY","ADAMS","0"
"CHENNEY","CHENEY","1"
"MASSACHUSSETS","MASSACHUSETTS","1"
"FAYWOOOD","FAYWOOD","1"
"HARRIHOF","HARRISHOF","1"
"MONSEIGNOR LYDON","ROSE GARDEN","0"
"ELKLO","ELKO","1"
"HAMMON","HAMMOND","1"
"MONGSINOR LYDON","KENSINGTON","0"
"A BELLEVUE","BELLEVUE","1"
"LINCOIN","LINCOLN","1"
"BISMACK","BISMARCK","1"
"/2 RIVER","RIVER","1"
"D NORTH HARVARD","NORTH HARVARD","1"
"TIBBETSONTOWN","TILESTON","0"
"MORTON VILLGE","MORTON VILLAGE","1"
"MARGETTA","MARTHA","0"
"DUDKEY","DUDLEY","1"
"ROXVBURY","ROXBURY","1"
"SOUTH TOWER ,CHARLES","SAINT CHARLES","0"
"FAIRLWAN","FAIRLAWN","1"
"SELDON","WELDON","0"
"NEPOSENT VALLEY","NEPONSET VALLEY","1"
"INDEPENDANCE","INDEPENDENCE","1"
"A JUNE","JUNE","1"
"CURRUTH","CARRUTH","1"
"QUEENSBERY","QUEENSBERRY","1"
"CASTLE GATE","CASTLEGATE","1"
"ROCKINGHAM GLEN 4208 WEST","ROCKINGHAM","1"
"KENNABEE","KENNEBEC","1"
"BICHNELL","BICKNELL","1"
"N.CHARLAME","CHARLAME","1"
"LATAURE","LAUREL","0"
"FEDELIS","FIDELIS","1"
"ST.ALPHONSUS","SAINT ALPHONSUS","1"
"HALLMAN","HALLAM","0"
"EAST SECOND STREET SECOND &AMP","CHARLES STREET SOUTH","0"
"OYSTERV BAY","SOUTH BAY","0"
"SOUTH HUNTINGTON HILL","SOUTH HUNTINGTON","1"
"PETEROROUGH","PETERBOROUGH","1"
"ALGPMQUIN","ALGONQUIN","1"
"CASTELLO","CASTLE","0"
"GOUSE","GROUSE","1"
"EDESON","EDSON","1"
"16A TIBBETSTOWN","TILESTON","0"
"COMMONWEATH","COMMONWEALTH","1"
"VALLLAR","VALLARO","0"
"CASTLEGATE THIRD ROOM","CASTLEGATE","1"
"CATLEGATE","CASTLEGATE","1"
"CUMMING","CUMMINGS","1"
"BAYSTATE","BAY STATE","1"
"/51 NORFOLK","NORFOLK","1"
"CORNELLA","CORNELL","0"
"C SLAYTON","CLAYTON","0"
"GOODGATE","GOODALE","0"
"COLLIN","COLLINS","1"
"CORONA STREET","COOK STREET","0"
"LONON","LONDON","1"
"MCLELLEN","MCLELLAN","1"
"DARMOUTH","DARTMOUTH","1"
"MASSOSIAT","MASSASOIT","1"
"A WEST BROOKLINE","WEST BROOKLINE","1"
"METROPOLITIAN","METROPOLITAN","1"
"LOMGFELLOW","LONGFELLOW","1"
"BANKCROFT","BANCROFT","1"
"MSGR.REYNOLDS","MSGR REYNOLDS","1"
"MSGR. PATRICK J. LYDON","MSGR PATRICK J LYDON","1"
"A SHAWMUT","SHAWMUT","1"
"WAVON","AVON","1"
"SHERIDIDAN","SHERIDAN","1"
"DADNEY","DABNEY","1"
"COLOMBUS","COLUMBUS","1"
"ROCKINGHAM GLEN 4106 WEST","ROCKINGHAM","1"
"ROCKINGHAM GLEN 4302 WEST","ROCKINGHAM","1"
"PARK WEST","PARKER","0"
"JOYCE HAYNES","JOYCE KILMER","0"
"NORTH BEAON","NORTH BEACON","1"
"MASSACHUETTS","MASSACHUSETTS","1"
"ANNAFRAN STREET","PEARL STREET","0"
"O&#039;MEARA CT., APT","MEAD STREET","0"
"A CORNELL","CORNELL","1"
"CAMBRDIGE","CAMBRIDGE","1"
"CRAIGHTON","CREIGHTON","1"
"POWELTON","POWELLTON","1"
"CROWLEY  ROGERS","CHARLES RIVER","0"
"B PAUL","BALL","0"
"PETERBOROROUGH","PETERBOROUGH","1"
"EDMOND","ESMOND","1"
"A CUMMINS","CUMMINS","1"
"O-BRIEN","ORIENT","0"
"WOODHOLE","WOODDALE","0"
"STRATTON EXT","STRATTON","1"
"TAFT HILL","TAFTHILL","1"
"D CUMMINS","CUMMINS","1"
"ORTON MAROTTA TURNPIKE","ORTON MAROTTA","1"
"D WEST BROADWAY","WEST BROADWAY","1"
"MELBORNE","MELBOURNE","1"
"ROXANNA","ROXANA","1"
"CRESENT","CRESCENT","1"
"CORWELL","NORWELL","0"
"HANES","HAYNES","1"
"ROSSTER","ROSSETER","1"
"ALBERMARLE","ALBEMARLE","1"
"FATHER FRANCIS GILDAY","FR FRANCIS GILDAY","1"
"MASSSACHUSETTS","MASSACHUSETTS","1"
"FOLSUM","FOLSOM","1"
"B REGENT","REGENT","1"
"METROPLITAN","METROPOLITAN","1"
"EAST AMORY","EAST THIRD","0"
"BREMAN","BREMEN","1"
"REAR WALK HILL","WALK HILL","0"
"O&#039;BRIENE","ORIENT","0"
"ANDREW","ANDRIA","0"
"MELLON","MALLON","0"
"B DUNMORE","DUNMORE","1"
"PONG","POND","0"
"DVISON","DAVISON","1"
"A BLUE HILL","BLUE HILL","1"
"PLUMMER","SUMMER","0"
"ALLSTON STREET (REAR","WHITE STREET","0"
"IROQUIOS","IROQUOIS","1"
"GEORGRETOWNE","GEORGETOWNE","1"
"CROW POINT","CITY POINT","0"
"ALONGONQUIN","ALGONQUIN","1"
"TREONT","TREMONT","1"
"MOSLEY","MORLEY","0"
"A FOREST","FOREST","1"
"CAMRON","CAMERON","1"
"WILLIAM T. MORRISSEY","WM T MORRISSEY","1"
"DUNUBE","DANUBE","1"
"KITTERIDGE","KITTREDGE","1"
"SEAVER STREET FIRST &AMP","SALEM STREET","0"
"PAMA GARDENS","ROSE GARDEN","0"
"DECATURE","DECATUR","1"
"NORLOK","NORFOLK","0"
"ELMOT","ELIOT","0"
"HAMPTON","HAMILTON","0"
"HIGHLANDS","HIGHLAND","1"
"C ST.ALPHONSUS","SAINT ALPHONSUS","1"
"COURTLAND ROAD 1, SECOND &AMP","NORTH ANDERSON","0"
"A MAGNOLIA","MAGNOLIA","1"
"PETERSBOROUGH","PETERBOROUGH","1"
"LONDSDALE","LONSDALE","1"
"BLUE  HILL","BLUE HILL","1"
"MANSCHESTER","MANCHESTER","1"
"EDGEMER","EDGEMERE","1"
"ATHELWOOD","ATHELWOLD","1"
"HAMEDEN","HAMPDEN","0"
"WESCOTT","WESTCOTT","1"
"NO.BEACON","BEACON","1"
"NEWPONSET VALLEY","NEPONSET VALLEY","1"
"RESSETER","ROSSETER","1"
"KINGDALE","KINGSDALE","1"
"ROSSELIN","ROSSELERIN","0"
"WOSDRWORTH","WORDSWORTH","1"
"ROCKINGHAM GLEN-4205 WEST","ROCKINGHAM","1"
"DUNNING","MANNING","0"
"WOODOLEDGE","WOODLEDGE","1"
"COLUMUS","COLUMBUS","1"
"COMMONEALTH","COMMONWEALTH","1"
"LONFELLOW","LONGFELLOW","1"
"A DIMOCK","DIMOCK","1"
"BOARDER","BORDER","1"
"MOUNTAIN PLEASANT","MOUNT PLEASANT","1"
"WASHIGNTON","WASHINGTON","1"
"A DUNSTABLE","ALLSTATE","0"
"B BROOK","BROOK","1"
"COMMINS","CUMMINS","1"
"BOLYSTON","BOYLSTON","1"
"MCGAVIN","MAIN","0"
"VALLER","VALLEY","0"
"RITCHFIELD","RICHFIELD","1"
"A WALNUT","WALNUT","1"
"ADAMS STREET, REAR BASEMENT APT FIRST LEFT","MSGR ALBERT A JACOBBE","0"
"EAST FRANKFORT","FRANKFORT","1"
"GREENBOUGH","GREENOUGH","1"
"POPLARZ","POPLAR","1"
"CRAIGMERE","CRAGMERE","1"
"MISSION DRIVE","MISSION","1"
"EAST MAIN","EASTMAN","1"
"OLD CONOLY","OLD COLONY","1"
"COMMANDANTS","COMMONWEALTH","0"
"M.L.K.","MILK","0"
"BOOKLEDGE","BROOKLEDGE","1"
"BOWBOIN","BOWDOIN","1"
"O&#039; CALLAGHAN","ALLEGHANY","0"
"NORTHSHORE","PERTHSHIRE","0"
"VAUGHN","VAUGHAN","1"
"O&#039; CALLAGHAN TURNPIKE","REV RICHARD A BURKE","0"
"DAVID MUGAR","DAVID G MUGAR","1"
"OLDFIELD","OLDFIELDS","1"
"WILLLOW","WILLOW","1"
"CD CLARENCE","CLARENCE","1"
"A-D CLARENCE","CLARENCE","1"
"BOWBIN","BOWDOIN","1"
"PETERSBORUGH","PETERBOROUGH","1"
"ARCHIDALE","ARCHDALE","1"
"DEERLING","DEERING","1"
"MCULLAN","MCLELLAN","1"
"POST NORFOLK","PORT NORFOLK","1"
"SCOTTFILED","SCOTTFIELD","1"
"EUTIS","EUSTIS","1"
"NAHANAT","NAHANT","1"
"HEMINGTON","REMINGTON","0"
"CUNNIGHAM","CUNNINGHAM","1"
"WALNUT STREET SECOND (CONDO","CHARLES STREET SOUTH","0"
"CRISPUS ATTUICKS","CRISPUS ATTUCKS","1"
"B HOWARD","HOWARD","1"
"WASINGTON","WASHINGTON","1"
"LYNN","LYON","0"
"EAST EAST SPRINGFIELD","EAST SPRINGFIELD","1"
"NORTH NORTH BEACON","NORTH BEACON","1"
"A GREW","GREW","1"
"SAINT ALPHONSE","SAINT ALPHONSUS","1"
"CASTLEFATE","CASTLEGATE","1"
"MERRIMACK","MERRIMAC","1"
"REAR WASHINGTON","WASHINGTON","1"
"PERTERBOROUGH","PETERBOROUGH","1"
"HIAWATH","HIAWATHA","1"
"FANNEUIL","FANEUIL","1"
"ROCKINGHAM GLEN 4516 WEST","ROCKINGHAM","1"
"SHAWMUS","SHAWMUT","1"
"MASSACHUSETS","MASSACHUSETTS","1"
"NESPONSET","NEPONSET","1"
"GEORGRTOWNE","GEORGETOWNE","1"
"BRANNON","BRANTON","0"
"CUMMINGHAM","CUNNINGHAM","1"
"B OLD IRONSIDES","BROOKSIDE","0"
"SAINT ANDREWS","SAINT ANDREW","1"
"PADENA","PASADENA","1"
"SAINT . WILLIAMS","SAINT WILLIAM","1"
"MASSACHUSETTES","MASSACHUSETTS","1"
"POMPELI","POMPEII","1"
"MARCELLS","MARCELLA","1"
"COMMONERALTH","COMMONWEALTH","1"
"CHESTERON","CHESTERTON","1"
"MOUNT PLEASENT","MOUNT PLEASANT","1"
"SPENCER STREET","CENTRE STREET","0"
"SENDER","SENDERS","1"
"ANNABELL","ANNABEL","1"
"GEORETOWNE","GEORGETOWNE","1"
"B CHICKATAWBUT","CHICKATAWBUT","1"
"/2 GEORGE","GEORGE","1"
"BELLVUE","BELLEVUE","1"
"CUMMMINS","CUMMINS","1"
"METROPOLIAN","METROPOLITAN","1"
"B WESTMINSTER","WESTMINSTER","1"
"HOMESTEWAD","HOMESTEAD","1"
"NORTAMPTON","NORTHAMPTON","1"
"DRAPER DRAPER","DRAPER","1"
"MSSACHUSETTS","MASSACHUSETTS","1"
"BOWOIN","BOWDOIN","1"
"C PARKER","PARKER","1"
"GLANARM","GLENARM","1"
"SENATOR BOLLINGS","SENATOR BOLLING","1"
"D MEDFORD","MEDFORD","1"
"REAR LINDEN","CEDAR LANE","0"
"WOODVILLE STREET FLS 1,2 &AMP","WHITE STREET","0"
"` COMMONWEALTH","COMMONWEALTH","1"
"IFFLEY ROAD FIRST &AMP","CHARLES RIVER DAM","0"
"`` METROPOLITAN","METROPOLITAN","1"
"MCNULTY   STREET","HULL STREET","0"
"` PRESCOTT","PRESCOTT","1"
"WARREN STREET","WHITE STREET","0"
"WALNUT PARK","WEST PARK","0"
"ALPINE STREET THIRD (3RD","WHITE STREET","0"
"FREEPORT STREET","SHORT STREET","0"
"FIDELIS/ 932 JETTE COURT","CHARLES STREET SOUTH","0"
"HANSBOROUGH STREET","HANSBOROUGH","1"
"A EMERALD","EMERALD","1"
"FIDELIS WAY #B-95 AKA EIGHTH FIDELIS","FERMOY HEIGHTS","0"
"O&#039;BRIEN","OBRIEN","1"
"STAR KING","STARR KING","1"
"LIGHTOW","DIGHTON","0"
"OLD RUTHERFORD","NEW RUTHERFORD","0"
"TIBBETTSTOWN","TIBBETTS TOWN","1"
"MORRTON VILLAGE","MORTON VILLIAGE","1"
"WINDOR","WINDOM","0"
"TUFT","TUFTS","1"
"O&#039;REILLY","OREILLY","1"
"KINGBIRD","LINGARD","0"
"O&#039;BIERNE","OBIERNE","1"
"REVEREND BURKE","RIVERDALE","0"
"LEWIS MALL","LEWIS WHARF","0"
"SHANON","SHANNON","1"
"O&#039;CALLAGHAN","MSGR O'CALLAGHAN","1"
"CROWN POIN","CROWN POINT","1"
"SANDPIPER","SANGER","0"
"RABGLEY","LANGLEY","0"
"TIBBITSTOWN","TIBBETTS TOWN","1"
"DUSTABLE","DUNSTABLE","1"
"OSPREY","SURREY","0"
"JAMES O&#039;NEILL","JAMESTOWN","0"
"MAGNOLIA STREET","SCHOOL STREET","0"
"O&#039;MEARA","OMEARA","1"
"MSGR REYNOLDS","MONSIGNOR REYNOLDS","1"
"TAFTS","TUFTS","0"
"C VILLAGE","VILLAGE","1"
"SILVIA","SILVA","0"
"CRWON POINT","CROWN POINT","1"
"FARRADY","FARADAY","1"
"HOLBURN","COLBURN","0"
"PARSON","PARSONS","1"
"CARNET","CARNEY","1"
"SAINT CASMIR","SAINT CASIMIR","1"
"PASADENA RD. A/K/A 228 NORMANDY ST","PAMA GARDENS","0"
"OLD INONSIDES","OLD IRONSIDES","1"
"IRWIN STREET","RIVER STREET","0"
"BEVER","BEAVER","1"
"SHADON","SHARON","1"
"BOWER STREET BOSTON MA","RIVER STREET","0"
"MELNEA CASS","MOUNT ASH","0"
"O&#039;CALLAGHAM","MSGR O'CALLAGHAN","1"
"SELTON","MELTON","0"
"WILDWOOD STREET","POND STREET","0"
"EATON","EASTON","0"
"REAR RIVER","HARRIET","0"
"NEPONSET FIELD","NEPONSET VALLEY","0"
"O&#039;CALLAHAN","CALLAHAN","1"
"PIER","MINER","0"
"HAZLETON","HAZELTON","1"
"IRONSIDES","BRONSDON","0"
"MADISON PARK COURT","MADISON PARK","1"
"ROBINSON STREET FIRST LF &AMP; 1MD","SUNSET HILL PATH","0"
"HIGH CREST","HIGHCREST","1"
"CEDAR STREET (REAR","PEARL STREET","0"
"FIDELIS WAY, C-50 AKA 803 JETTE","AVE DE LAFAYETTE","0"
"WALLFORD","WALFORD","1"
"WIBLERT","WILBERT","1"
"FARGUAR","FARQUHAR","1"
"DELLA","ADELLA","0"
"LOUIS D. BROWNWAY","LOUIS PRANG","0"
"WOODLOBE","WOODBOLE","1"
"HAMDEN","CAMDEN","0"
"ANGEL","ANGELL","1"
"FIDELIS WAY AKA 932  JETTE","AVE DE LAFAYETTE","0"
"HARRISHOFF STREET SECOND 2&AMP;3RD","HARRISON AVE EXD","0"
"MERCEDES VIEW","OCEAN VIEW","0"
"PARRIS","HARRIS","0"
"WEAEVR","WEAVER","1"
"HALLEM","HARLEM","0"
"CHARLESGATE WEST 612PL","CHARLESGATE W","1"
"FIDELIS WAY C-127 AKA 920 JETTE","AVE DE LAFAYETTE","0"
"BRYANDYWNE","BRANDYWYNE","1"
"WOODRUFFF","WOODRUFF","1"
"SEAVER STREET","RIVER STREET","0"
"SAQNDPIPER","SAUNDERS","0"
"WALK HILL STREET, #2, FIRST DOOR ON LEFT","WILLIAM CARDINAL O'CONNELL","0"
"TOURQUOISE","TURQUOISE","1"
"FIDELIS WAY C-53 AKA 806 JETTE","AVE DE LAFAYETTE","0"
"M M BEATTY","MALBERT","0"
"FLORENCE STREET COMDOMINIUM","POND STREET","0"
"ADADEMY","ACADEMY","1"
"MONSEIGNOR LYDON","MONSIGNOR REYNOLDS","0"
"MONGSINOR LYDON","MONSIGNOR REYNOLDS","0"
"TIBBETSONTOWN","TIBBETTS TOWN","1"
"MORTON VILLGE","MORTON VILLIAGE","1"
"MARGETTA","MARGARETTA","1"
"WOODDALE","WOODALE","1"
"LATAURE","LANARK","0"
"HALLMAN","HOLMAN","0"
"EAST SECOND STREET SECOND &AMP","EAST SECOND","1"
"OYSTERV BAY","OYSTER BAY","1"
"CASTELLO","COSTELLO","1"
"16A TIBBETSTOWN","TIBBETTS TOWN","1"
"CORNELLA","CORNELIA","1"
"C SLAYTON","SLAYTON","1"
"GOODGATE","WOODGATE","1"
"PARK WEST","MARKET","0"
"JOYCE HAYNES","JOYCE HAYES","1"
"ANNAFRAN STREET","PLEASANT STREET","0"
"O&#039;MEARA CT., APT","PEARL STREET","0"
"CROWLEY  ROGERS","CROWLEY ROGERS","1"
"B PAUL","PAUL","1"
"O-BRIEN","OBRIEN","1"
"WOODHOLE","WOODBOLE","0"
"CORWELL","COLWELL","0"
"FATHER FRANCIS GILDAY","FATHER SONGIN","0"
"O&#039;BRIENE","OBRIEN","1"
"MELLON","MELTON","0"
"PONG","LONG","0"
"ALLSTON STREET (REAR","HULL STREET","0"
"CROW POINT","CROWN POINT","1"
"WILLIAM T. MORRISSEY","WILLIAM T MORRISSEY","1"
"SEAVER STREET FIRST &AMP","RIVER STREET","0"
"COURTLAND ROAD 1, SECOND &AMP","CHARLES RIVER DAM","0"
"ROSSELIN","ROSLIN","1"
"OLD IRONSIDE","OLD IRONSIDES","1"
"A DUNSTABLE","DUNSTABLE","1"
"MCGAVIN","GAVIN","0"
"VALLER","VALLAR","1"
"RITCHFIELD","LITCHFIELD","0"
"MISSION DRIVE","MISSION PARK","0"
"O&#039; CALLAGHAN","MSGR O'CALLAGHAN","1"
"O&#039; CALLAGHAN TURNPIKE","MSGR O'CALLAGHAN","1"
"ALWIN","ALDWIN","0"
"GARDEN COURT","HARCOURT","0"
"WALNUT STREET SECOND (CONDO","EAST SECOND","0"
"B OLD IRONSIDES","OLD IRONSIDES","1"
"PADENA","GARDENA","0"
"SENDER","PENDER","0"
"DRAPER DRAPER","DRAPPER","0"
"SENATOR BOLLINGS","ROLLINS","0"
"REAR LINDEN","LINDEN","0"
"LANE","LAKE","0"
"WOODVILLE STREET FLS 1,2 &AMP","CORDIS STREET","0"
"IFFLEY ROAD FIRST &AMP","LEO M BIRMINGHAM","0"
"WARREN STREET","SALEM STREET","0"
"ALPINE STREET THIRD (3RD","POND STREET","0"
"FIDELIS/ 932 JETTE COURT","DESIGN CENTER","0"
"HANSBOROUGH STREET","CAMBRIDGE STREET","0"
